title,price,rating,reviews,availability
PlayStation®4 Console – Call of Duty® Modern Warfare II Bundle,,4.4 out of 5 stars,91 ratings,In Stock
Newest Sony Playstation 4 Slim 1TB SSD Console - Marvel's Spider-Man PS4 Bundle with DualShock-4 Wireless Controller,,4.3 out of 5 stars,337 ratings,Not Available
"PS4 Controller Charger Dock Station, OIVO 1.8Hrs PS4 Controller Charging Dock, Charging Station Replacement for Playstation 4 Dualshock 4 Charger",,4.7 out of 5 stars,"38,659 ratings",In Stock
"Wireless Controller Dual Vibration Game Joystick Controller for Ps4 Controller/Slim/Pro,Compatible with PS4 Console",,4.0 out of 5 stars,"2,044 ratings",In Stock
$250 PlayStation Store Gift Card [Digital Code],,4.7 out of 5 stars,"250,007 ratings",Available now
"Wireless Controller for PS4, Custom Design V2 Gamepad Joystick for PS4 with Non-Slip Grip of Both Sides and 3.5mm Audio Jack! Thumb Caps Included! (Galaxy)",,4.2 out of 5 stars,"2,579 ratings",In Stock
"FASIGO PS4 Controller 2 Pack, Wireless PS4 Controller for PS4 / Pro/Slim & PC, with 2 USB C Cable - Black",,4.2 out of 5 stars,61 ratings,In Stock
"PS4 Controller Charger Dock Station with Charging Cable,1.8 Hour Fast-Charging PS4 Controller Charger Station for Playstation 4 Remote, Replacement for Playstation 4 Controller Charger",,4.7 out of 5 stars,"3,159 ratings",In Stock
Sony PlayStation 4 500GB Premium Bundle (Renewed),,2.9 out of 5 stars,7 ratings,Not Available
Madden NFL 25 - PlayStation 4,,Previous page of related Sponsored Products,,"This item will be released on August 16, 2024."
WWE 2K24 - PlayStation 4,,4.7 out of 5 stars,156 ratings,In Stock
"LRSKKD Wireless Controller Compatible with Ps4/Ps4 Slim/Ps4 Pro, Wireless Gams Controller with Dual Vibration, 6-Axis Motion, Audio Function",,4.7 out of 5 stars,95 ratings,
TopSpin 2K25 - PlayStation 4,,3.9 out of 5 stars,5 ratings,In Stock
"BUERTT Wireless Controller for PS4,Remote Controller Compatible with Playstation 4/Slim/Pro/PC,PS4 Controller with Dual Vibration,6-Axis Motion,3.5mm Audio Jack,Multi Touch Pad,Share Button,White",,4.1 out of 5 stars,6 ratings,In Stock
Sony Playstation PS4 1TB Black Console,,4.6 out of 5 stars,"1,509 ratings",Only 7 left in stock - order soon.
Sony PlayStation 4 Slim Limited Edition 1TB Gaming Console (Renewed),,4.3 out of 5 stars,"1,441 ratings",Only 1 left in stock - order soon.
"15 Pcs of Precision Aim Assist Rings - Universally Compatible with Playstation 4 (PS4) and Playstation 5 (PS5), Xbox Series & Switch Pro Scuf Controllers - Enhance Your Gaming Accuracy",,Previous page of related Sponsored Products,,In Stock
"BINNUNE 2.4GHz Wireless Gaming Headset with Mic for PS5, PS4, PC, Mac, Playstation 4 5, Bluetooth Gaming Headset with Flip Microphone, Gaming Headphones for Laptop Computer, Black",,4.2 out of 5 stars,140 ratings,In Stock
